seq1	seq2	preds
Q96C34	P17367	0.9983341097831726
Q9UBB5	P17367	0.9970139265060424
Q9BQE3	P21605	0.9909294247627258
P24539	P17367	0.9805429577827454
Q9Y5X3	P68466	0.9698875546455384
P35268	P24772	0.8615824580192566
F8VVA7	P04305	0.8457878828048706
Q9NRQ2	P14357	0.8297163844108582
P63010	P14357	0.7827349305152893
Q92878	P17367	0.7138112187385559
