seq1	seq2	preds
P42696	P68446	0.9808937311172484
Q86UE4	P23372	0.947196364402771
Q9H190	P68446	0.8730567693710327
Q9Y3B2	Q80HV3	0.8172218203544617
