seq1	seq2	preds
Q15084	P23372	0.9991188645362854
O15111	P24772	0.9986433386802672
Q71U36	Q01220	0.9741218090057372
Q13428	P17361	0.9499334692955016
Q13610	Q76ZQ3	0.9096744060516356
P07437	P15059	0.8883930444717407
P04439	Q76ZQ3	0.8064531087875366
Q15397	P11158	0.7569196820259094
P05783	P68600	0.5918100476264954
