seq1	seq2	label	preds
Q15084	P23372	1	0.9991188645362854
O15111	P24772	1	0.9986433386802673
Q71U36	Q01220	1	0.9741218090057373
Q13428	P17361	0	0.9499334692955017
Q13610	Q76ZQ3	0	0.9096744060516357
P07437	P15059	1	0.8883930444717407
P04439	Q76ZQ3	1	0.8064531087875366
Q15397	P11158	0	0.7569196820259094
P05783	P68600	0	0.5918100476264954
