seq1	seq2	label	preds
Q13283	P21605	1	0.998126208782196
P27986	Q01220	1	0.9976605176925659
Q05639	Q01220	1	0.9961496591567993
P62266	Q80HW9	1	0.9916354417800903
P28838	Q80HW9	1	0.969458281993866
O00391	Q80HW9	1	0.9655154943466187
O14933	P21605	1	0.8433815836906433
P58753	P26672	1	0.8221515417098999
