seq1	seq2	preds
Q13283	P21605	0.998126208782196
P27986	Q01220	0.997660517692566
Q05639	Q01220	0.9961496591567992
P62266	Q80HW9	0.9916354417800904
P28838	Q80HW9	0.969458281993866
O00391	Q80HW9	0.9655154943466188
O14933	P21605	0.8433815836906433
P58753	P26672	0.8221515417098999
