seq1	seq2	label	preds
P67809	P21605	1	0.9998207688331604
Q02539	P21605	1	0.9998021721839905
Q9NUL3	P21605	1	0.9996637105941772
O94763	P17367	1	0.9987264275550842
O95793	P21605	1	0.9986031651496887
P63010	P17367	1	0.9973767995834351
Q07812	P24356	1	0.9967718720436096
P22492	P24772	1	0.9965852499008179
B4DJ51	P21605	1	0.9931725859642029
Q9Y5Q9	P23372	1	0.9266964197158813
Q06481	Q80HW9	1	0.543763279914856
