seq1	seq2	label	preds
P20042	Q805H7	1	0.9959664344787598
P62241	P68600	0	0.9927423000335693
P68104	P04297	0	0.9901801347732544
P09132	P24356	0	0.9810186624526978
Q08211	Q76ZQ3	0	0.9554575681686401
P62263	P24768	0	0.8021398782730103
O75817	P17362	0	0.6812391877174377
