seq1	seq2	preds
Q9NRR4	Q805H7	0.9583921432495116
Q9UQ80	P24766	0.9509781002998352
Q96EZ8	P17372	0.7649295330047607
