seq1	seq2	preds
P67809	P21605	0.9998207688331604
Q02539	P21605	0.9998021721839904
Q9NUL3	P21605	0.9996637105941772
O94763	P17367	0.9987264275550842
O95793	P21605	0.9986031651496888
P63010	P17367	0.9973767995834352
Q07812	P24356	0.9967718720436096
P22492	P24772	0.996585249900818
B4DJ51	P21605	0.9931725859642028
Q9Y5Q9	P23372	0.9266964197158812
Q06481	Q80HW9	0.543763279914856
