seq1	seq2	preds
Q9NTK5	P03296	0.9936876893043518
Q9NRX1	P21605	0.9910826683044434
Q9BZE4	P23372	0.9886367917060852
Q9Y2X3	P04298	0.6300845742225647
