seq1	seq2	preds
Q06787	P17367	0.9998894929885864
P15880	P68446	0.988943099975586
Q12906	Q80HV3	0.9834256768226624
Q13895	P07242	0.9345772862434388
P29590	Q01220	0.9334246516227722
Q96FQ6	P68446	0.8976932764053345
P01106	P03296	0.891241729259491
P52434	P14357	0.8877355456352234
P62913	P17361	0.7457934021949768
Q5SY16	P17372	0.7046975493431091
Q07021	P04298	0.6628797650337219
Q8ND90	P24768	0.5682874917984009
