seq1	seq2	preds
J3QK89	P17367	0.9994056224822998
P02511	P23372	0.999178946018219
O43187	Q01220	0.9792466759681702
P02511	P17371	0.9746298789978028
P05412	P16913	0.9319276809692384
O15160	P17362	0.8776148557662964
Q9BQE3	Q01220	0.8573915958404541
O75607	P68319	0.7736901044845581
A6NNZ2	P21605	0.7327314019203186
P19525	P18378	0.612342119216919
