seq1	seq2	label	preds
O60506	P21605	1	0.9998730421066284
B8ZZN6	P21605	1	0.9997005462646484
Q13227	P17367	1	0.9992749094963074
Q16543	P24772	1	0.9989921450614929
P06748	P23372	1	0.9986238479614258
Q9HCC0	P68466	1	0.997961163520813
Q5VTE0	Q01220	1	0.9978488683700562
P22626	P07242	1	0.994657039642334
P12036	P04297	1	0.9915673136711121
Q9NQ29	P18378	1	0.957894504070282
P20700	P68710	1	0.9010694622993469
V9GZ56	P17372	1	0.6263677477836609
