seq1	seq2	label	preds
Q9NUL3	P14357	0	0.9814187288284302
Q9BV38	P03296	0	0.975809633731842
Q9NW13	Q80HT9	0	0.9109240174293518
Q9UER7	P68710	0	0.7554348111152649
Q8TDD1	P24772	0	0.7229023575782776
