seq1	seq2	preds
P12036	P21605	0.9997453093528748
P36873	P21605	0.998645007610321
Q12905	P21605	0.9967610239982604
O15226	P21605	0.9953547716140748
E5KTA5	P68466	0.9824580550193788
Q9BT92	Q80HW9	0.9787590503692628
P42285	P21605	0.9653137922286988
O76021	P68446	0.9545406103134156
O43818	P14357	0.8943642377853394
P23025	P17367	0.8739874958992004
P07437	Q01220	0.6913882493972778
Q8NFZ5	P26669	0.6359636783599854
