seq1	seq2	preds
P46782	Q89121	0.9994192123413086
P62847	Q805H7	0.9948116540908812
Q14527	P04297	0.9561312794685364
Q15050	P04305	0.9400871396064758
Q15024	P17362	0.6495689153671265
Q13823	P11258	0.6218171715736389
P52272	P12848	0.6210848689079285
