seq1	seq2	preds
Q14103	P21605	0.9997305274009703
Q00839	P21605	0.999701201915741
P54652	P24772	0.9990931749343872
P08238	P24772	0.9990814924240112
P27449	P23372	0.998245120048523
O00459	Q01220	0.9977235198020936
Q00610	P68466	0.9962069988250732
Q13227	P11158	0.99288672208786
P98179	P68319	0.9742979407310486
P07437	P21605	0.9687414169311525
Q9P0K7	P14357	0.9008942246437072
