seq1	seq2	preds
Q8IUF8	Q89121	0.9804850220680236
Q13601	Q805P6	0.9770954847335817
P19388	P68600	0.955915868282318
P46781	Q80HT9	0.9475632905960084
P62979	P17371	0.9393271207809448
P62140	P68446	0.7589889168739319
P39019	Q805P6	0.6495521068572998
