seq1	seq2	label	preds
P13929	P21605	1	0.9998000264167786
O43823	P23372	0	0.999119222164154
P0DP23	P21605	1	0.9931725859642029
P13051	P68466	1	0.9824580550193787
Q05BQ5	P23372	1	0.9690134525299072
Q9GZT9	P03296	1	0.7423351407051086
