seq1	seq2	label	preds
Q9NY12	P21605	0	0.9933852553367615
Q9ULW3	P11158	0	0.99017333984375
Q8TDN6	Q805H7	0	0.9889922142028809
Q9NY93	P26669	0	0.7750700116157532
