seq1	seq2	preds
Q9NY12	P21605	0.9933852553367616
Q9ULW3	P11158	0.99017333984375
Q8TDN6	Q805H7	0.9889922142028807
Q9NY93	P26669	0.7750700116157532
