seq1	seq2	label	preds
Q9Y5J1	P17367	0	0.9990983009338379
Q9UHB9	P23372	0	0.9740610718727112
Q96GQ7	Q805P6	0	0.932478129863739
Q9H0S4	P04297	0	0.8937565684318542
