seq1	seq2	label	preds
O43815	P17367	1	0.9997108578681946
Q8IWX8	P17367	1	0.9994357228279114
P38646	P07242	0	0.9965298771858215
P12236	Q01220	1	0.9904076457023621
P06748	P24766	0	0.9563837051391602
P17480	P07242	0	0.896040678024292
P62280	Q80HT9	0	0.7714787125587463
