seq1	seq2	preds
P09651	P21605	0.9997490048408508
P23246	P17367	0.999626398086548
P62750	P21605	0.9990259408950806
P68104	P15059	0.9979376792907716
Q05086	P23372	0.9979286193847656
B2R4R0	P15059	0.9910263419151306
P42224	P07239	0.9719820022583008
A0N0Q3	P24766	0.759431004524231
P04083	P04305	0.7560036778450012
P19876	P24766	0.7363817095756531
