seq1	seq2	preds
Q3B726	P17362	0.990786612033844
Q9Y4W2	P07242	0.871377170085907
Q9H0U9	P24768	0.7699267864227295
Q8IY81	P68466	0.6307459473609924
Q9NVP1	P24770	0.5582228899002075
