seq1	seq2	preds
Q08211	P21605	0.9986054301261902
P38159	P21605	0.9172409772872924
P62857	Q80HV3	0.9136613607406616
P42677	P16913	0.8340942859649658
P62081	Q805H7	0.8320422768592834
Q12905	P11258	0.7885092496871948
P25685	P68716	0.7561490535736084
Q8TDL5	P23372	0.6941745281219482
P78346	P17367	0.6900811195373535
P31327	Q805H7	0.599079430103302
