seq1	seq2	label	preds
P61978	P21605	1	0.999861478805542
P05166	P68466	1	0.9983252882957458
P07910	P21605	1	0.9974083304405212
P0CG48	Q805H7	1	0.9972564578056335
Q00325	Q01220	1	0.9957446455955505
P35222	P23372	1	0.9949053525924683
P04792	P12848	1	0.8620328307151794
Q9NRJ3	P24766	1	0.759431004524231
Q15057	P04297	1	0.6442008018493652
