seq1	seq2	label	preds
Q14444	P21605	1	0.9997003078460693
Q5VTE0	P15059	1	0.9979427456855774
Q9H2G4	P68466	1	0.9978629946708679
Q02539	Q01220	1	0.9973745346069336
P63165	P21605	1	0.9968342185020447
A0A2R8Y5A3	P23372	1	0.9949303269386292
P04792	P17371	1	0.9712151885032654
Q07812	P17361	1	0.9654820561408997
H3BSR6	P24766	1	0.7722019553184509
P28562	Q80HW9	1	0.5228257179260254
