seq1	seq2	preds
O43390	P21605	0.9998730421066284
Q9BT92	P17367	0.9992245435714722
O00571	P68466	0.99896240234375
Q16611	P24356	0.9978044629096984
Q05639	P15059	0.9962210059165956
P05141	P15059	0.9961065649986268
P04792	Q805P6	0.9836071729660034
P35268	P15059	0.9193525314331056
P07437	P68466	0.8934783935546875
O75113	P24772	0.8729943633079529
O00499	Q80HT9	0.682370126247406
Q9Y3T6	P14357	0.621223509311676
