seq1	seq2	label	preds
P19525	P21605	1	0.9989475607872009
P19338	P68619	0	0.9989256262779236
Q02539	P24772	1	0.9983300566673279
P22087	P21605	0	0.9941125512123108
P17844	P24356	0	0.9846936464309692
P39748	P24356	0	0.766653835773468
P46777	P04298	0	0.6854273676872253
Q53H80	P23372	1	0.6068953275680542
Q08379	P14357	1	0.5937764644622803
