seq1	seq2	preds
P06733	P21605	0.9998106360435486
P22492	P21605	0.9996616840362548
P62805	P15059	0.9910263419151306
