seq1	seq2	preds
Q66PJ3	P15059	0.9769932627677916
Q8N567	P14357	0.961750030517578
Q9BWF3	Q805P6	0.8866034150123596
Q15233	P68716	0.8617315888404846
