seq1	seq2	preds
P11142	P17367	0.9998993873596193
Q8WYQ5	P17367	0.998405396938324
P39023	P24772	0.9976730942726136
P23396	Q01220	0.9976363182067872
Q8WXF1	P15059	0.992332935333252
Q15361	Q80HT9	0.6165650486946106
Q00987	P68319	0.5459626913070679
