seq1	seq2	preds
Q07666	P23372	0.9982840418815612
P12235	Q01220	0.996036946773529
Q92569	Q01220	0.9902778267860411
P02511	Q805P6	0.9855598211288452
F8VXC8	P14357	0.901107668876648
O00151	P68563	0.8151451945304871
Q86VP6	P12848	0.647826075553894
