seq1	seq2	label	preds
P11021	P68466	1	0.9995080232620239
O00567	P23372	0	0.9987776875495911
Q9Y4K3	Q01220	1	0.9968895316123962
O00541	P68600	0	0.9773088097572327
Q13427	Q805H7	1	0.8604862093925476
