seq1	seq2	preds
Q92841	P24772	0.9962538480758668
Q2NL82	Q805H7	0.9813477993011476
Q9H0D6	P07242	0.9703125357627868
Q96B26	P15059	0.8578000664710999
Q9NP64	Q80HW9	0.6733920574188232
