seq1	seq2	preds
P11021	P68466	0.999508023262024
O00567	P23372	0.9987776875495912
Q9Y4K3	Q01220	0.9968895316123962
O00541	P68600	0.9773088097572328
Q13427	Q805H7	0.8604862093925476
