seq1	seq2	label	preds
Q07666	P23372	1	0.9982840418815613
P12235	Q01220	1	0.996036946773529
Q92569	Q01220	1	0.9902778267860413
P02511	Q805P6	1	0.9855598211288452
F8VXC8	P14357	1	0.901107668876648
O00151	P68563	1	0.8151451945304871
Q86VP6	P12848	1	0.647826075553894
