seq1	seq2	label	preds
Q92841	P24772	0	0.9962538480758667
Q2NL82	Q805H7	0	0.9813477993011475
Q9H0D6	P07242	0	0.9703125357627869
Q96B26	P15059	0	0.8578000664710999
Q9NP64	Q80HW9	0	0.6733920574188232
