seq1	seq2	label	preds
O14920	P24772	1	0.9970744848251343
Q96F44	P17367	1	0.9942922592163086
Q9Y6K9	P24772	1	0.9847428798675537
Q71U36	P24772	1	0.9825341105461121
A0A0J9YX62	Q805P6	1	0.9582436680793762
Q13162	P14357	1	0.9541321992874146
Q9BQE3	P24772	1	0.8992788791656494
P14923	P23372	1	0.8663203120231628
P78423	P24766	1	0.7357757091522217
P19013	P17367	1	0.6325281262397766
