seq1	seq2	preds
Q9BRP8	P26672	0.9978920817375184
Q9BQ04	P07242	0.984184503555298
Q9NR30	P17362	0.980282187461853
Q96PK6	P24356	0.7733971476554871
Q9Y2L1	P11258	0.6930793523788452
Q9UL40	P24766	0.6024715900421143
Q9NQT4	P68319	0.5027226209640503
