seq1	seq2	label	preds
Q8WUM4	P17367	1	0.9998608827590942
F4ZW62	P21605	1	0.9967461824417114
P62805	P68466	1	0.9958115816116333
P12236	P15059	1	0.994566798210144
P05141	Q01220	1	0.9939867258071899
Q9UPT5	P17367	1	0.9933565258979797
O75113	Q01220	0	0.8164514303207397
O00585	P24766	1	0.7501519322395325
O43521	P24356	1	0.6868187785148621
Q6ZN40	P11258	1	0.5800623893737793
