seq1	seq2	preds
Q8WUM4	P17367	0.9998608827590942
F4ZW62	P21605	0.9967461824417114
P62805	P68466	0.9958115816116332
P12236	P15059	0.994566798210144
P05141	Q01220	0.99398672580719
Q9UPT5	P17367	0.9933565258979796
O75113	Q01220	0.8164514303207397
O00585	P24766	0.7501519322395325
O43521	P24356	0.6868187785148621
Q6ZN40	P11258	0.5800623893737793
