seq1	seq2	preds
O14920	P24772	0.9970744848251344
Q96F44	P17367	0.9942922592163086
Q9Y6K9	P24772	0.9847428798675536
Q71U36	P24772	0.982534110546112
A0A0J9YX62	Q805P6	0.9582436680793762
Q13162	P14357	0.9541321992874146
Q9BQE3	P24772	0.8992788791656494
P14923	P23372	0.8663203120231628
P78423	P24766	0.7357757091522217
P19013	P17367	0.6325281262397766
