seq1	seq2	label	preds
P61247	P26672	0	0.9997605681419373
P62277	P24356	0	0.9973867535591125
P62753	P68600	0	0.9939351677894592
P62266	P07242	0	0.9820371866226196
Q15061	P04297	0	0.8545339703559875
P46087	P16913	0	0.8277382850646973
Q14692	P11258	0	0.7080021500587463
Q8NDF8	P21605	0	0.5688915848731995
